-- MySQL dump 10.17  Distrib 10.3.17-MariaDB, for debian-linux-gnu (x86_64)
--
-- Host: localhost    Database: test
-- ------------------------------------------------------
-- Server version	10.3.17-MariaDB-1

/*!40101 SET @OLD_CHARACTER_SET_CLIENT=@@CHARACTER_SET_CLIENT */;
/*!40101 SET @OLD_CHARACTER_SET_RESULTS=@@CHARACTER_SET_RESULTS */;
/*!40101 SET @OLD_COLLATION_CONNECTION=@@COLLATION_CONNECTION */;
/*!40101 SET NAMES utf8mb4 */;
/*!40103 SET @OLD_TIME_ZONE=@@TIME_ZONE */;
/*!40103 SET TIME_ZONE='+00:00' */;
/*!40014 SET @OLD_UNIQUE_CHECKS=@@UNIQUE_CHECKS, UNIQUE_CHECKS=0 */;
/*!40014 SET @OLD_FOREIGN_KEY_CHECKS=@@FOREIGN_KEY_CHECKS, FOREIGN_KEY_CHECKS=0 */;
/*!40101 SET @OLD_SQL_MODE=@@SQL_MODE, SQL_MODE='NO_AUTO_VALUE_ON_ZERO' */;
/*!40111 SET @OLD_SQL_NOTES=@@SQL_NOTES, SQL_NOTES=0 */;

--
-- Table structure for table `Course`
--

DROP TABLE IF EXISTS `Course`;
/*!40101 SET @saved_cs_client     = @@character_set_client */;
/*!40101 SET character_set_client = utf8 */;
CREATE TABLE `Course` (
  `cid` varchar(255) NOT NULL,
  `cname` varchar(255) DEFAULT NULL,
  `year` int(11) DEFAULT NULL,
  `term` varchar(255) DEFAULT NULL,
  `section` varchar(255) DEFAULT NULL,
  `credits` int(11) DEFAULT NULL,
  PRIMARY KEY (`cid`)
) ENGINE=InnoDB DEFAULT CHARSET=utf8mb4;
/*!40101 SET character_set_client = @saved_cs_client */;

--
-- Dumping data for table `Course`
--

LOCK TABLES `Course` WRITE;
/*!40000 ALTER TABLE `Course` DISABLE KEYS */;
INSERT INTO `Course` VALUES ('300','COMP',2019,'Winter','2',4),('303','COMP',2019,'Fall','4',1),('306','COMP',2019,'Winter','4',4),('309','COMP',2019,'Fall','3',1),('312','COMP',2019,'Fall','2',1),('315','COMP',2019,'Winter','3',4),('318','COMP',2019,'Winter','4',3),('321','COMP',2019,'Winter','3',4),('324','COMP',2019,'Winter','4',3),('327','COMP',2019,'Fall','4',2),('330','COMP',2019,'Fall','1',0),('333','COMP',2019,'Fall','4',4),('336','COMP',2019,'Winter','3',4),('339','COMP',2019,'Fall','1',3),('342','COMP',2019,'Fall','3',3),('345','COMP',2019,'Fall','4',0),('348','COMP',2019,'Winter','4',0);
/*!40000 ALTER TABLE `Course` ENABLE KEYS */;
UNLOCK TABLES;

--
-- Table structure for table `Enrollment`
--

DROP TABLE IF EXISTS `Enrollment`;
/*!40101 SET @saved_cs_client     = @@character_set_client */;
/*!40101 SET character_set_client = utf8 */;
CREATE TABLE `Enrollment` (
  `sid` int(11) DEFAULT NULL,
  `cid` varchar(255) DEFAULT NULL,
  `grade` varchar(255) DEFAULT NULL
) ENGINE=InnoDB DEFAULT CHARSET=utf8mb4;
/*!40101 SET character_set_client = @saved_cs_client */;

--
-- Dumping data for table `Enrollment`
--

LOCK TABLES `Enrollment` WRITE;
/*!40000 ALTER TABLE `Enrollment` DISABLE KEYS */;
INSERT INTO `Enrollment` VALUES (0,'345','2'),(0,'312','4'),(0,'309','0'),(0,'300','0'),(0,'345','5'),(1,'324','2'),(1,'330','5'),(1,'315','3'),(1,'315','0'),(1,'306','2'),(2,'309','6'),(2,'300','0'),(2,'333','1'),(2,'306','6'),(2,'327','5'),(3,'336','6'),(3,'315','4'),(3,'315','5'),(3,'342','5'),(3,'309','1'),(4,'306','5'),(4,'348','5'),(4,'333','0'),(4,'312','3'),(4,'306','4'),(5,'348','0'),(5,'336','4'),(5,'321','1'),(5,'318','0'),(5,'312','0'),(6,'321','0'),(6,'342','6'),(6,'345','3'),(6,'342','4'),(6,'324','5'),(7,'318','3'),(7,'327','4'),(7,'345','3'),(7,'324','0'),(7,'300','5'),(8,'333','3'),(8,'324','2'),(8,'342','0'),(8,'306','2'),(8,'339','5'),(9,'321','2'),(9,'309','6'),(9,'345','2'),(9,'339','0'),(9,'342','3'),(10,'306','0'),(10,'312','1'),(10,'315','3'),(10,'327','6'),(10,'318','4'),(11,'309','5'),(11,'318','6'),(11,'306','1'),(11,'336','4'),(11,'315','1'),(12,'312','0'),(12,'318','4'),(12,'318','1'),(12,'345','5'),(12,'309','3'),(13,'306','4'),(13,'306','6'),(13,'312','0'),(13,'306','1'),(13,'309','2'),(14,'324','4'),(14,'345','3'),(14,'348','4'),(14,'324','6'),(14,'300','2'),(15,'333','1'),(15,'339','0'),(15,'315','3'),(15,'315','1'),(15,'318','2'),(16,'330','3'),(16,'309','1'),(16,'330','5'),(16,'324','3'),(16,'321','6'),(17,'339','3'),(17,'345','0'),(17,'339','5'),(17,'327','0'),(17,'321','0'),(18,'324','2'),(18,'300','4'),(18,'318','0'),(18,'318','1'),(18,'300','5'),(19,'309','0'),(19,'321','4'),(19,'318','5'),(19,'303','4'),(19,'309','6'),(20,'306','6'),(20,'345','4'),(20,'312','0'),(20,'306','0'),(20,'339','4'),(21,'303','5'),(21,'303','5'),(21,'336','5'),(21,'318','6'),(21,'336','3'),(22,'303','4'),(22,'324','1'),(22,'312','6'),(22,'345','2'),(22,'309','5'),(23,'312','0'),(23,'321','3'),(23,'345','3'),(23,'330','5'),(23,'324','5'),(24,'306','0'),(24,'324','1'),(24,'309','2'),(24,'300','4'),(24,'318','1'),(25,'321','3'),(25,'342','3'),(25,'336','0'),(25,'333','1'),(25,'303','5'),(26,'318','3'),(26,'330','2'),(26,'345','4'),(26,'345','5'),(26,'321','3'),(27,'345','1'),(27,'348','3'),(27,'330','6'),(27,'318','6'),(27,'309','4'),(28,'312','0'),(28,'312','4'),(28,'315','4'),(28,'303','5'),(28,'306','5'),(29,'303','4'),(29,'333','2'),(29,'309','6'),(29,'330','4'),(29,'345','4'),(30,'327','1'),(30,'318','2'),(30,'336','4'),(30,'321','5'),(30,'330','0'),(31,'315','4'),(31,'309','0'),(31,'342','0'),(31,'333','0'),(31,'336','1'),(32,'345','6'),(32,'321','4'),(32,'339','5'),(32,'339','4'),(32,'309','6'),(33,'345','4'),(33,'318','6'),(33,'342','0'),(33,'333','0'),(33,'318','2'),(34,'348','3'),(34,'315','1'),(34,'327','5'),(34,'336','3'),(34,'315','5'),(35,'303','4'),(35,'330','3'),(35,'321','6'),(35,'306','1'),(35,'327','2'),(36,'333','5'),(36,'312','6'),(36,'309','2'),(36,'339','5'),(36,'339','2'),(37,'339','2'),(37,'312','2'),(37,'336','0'),(37,'303','5'),(37,'339','6'),(38,'336','4'),(38,'312','3'),(38,'300','4'),(38,'303','6'),(38,'303','0'),(39,'321','0'),(39,'318','3'),(39,'324','1'),(39,'315','2'),(39,'345','2'),(40,'315','2'),(40,'303','5'),(40,'339','2'),(40,'330','3'),(40,'306','0'),(41,'303','5'),(41,'303','6'),(41,'333','0'),(41,'303','5'),(41,'321','4'),(42,'300','5'),(42,'342','4'),(42,'303','5'),(42,'327','0'),(42,'348','2'),(43,'342','2'),(43,'312','6'),(43,'300','3'),(43,'300','3'),(43,'327','1'),(44,'309','4'),(44,'327','1'),(44,'306','2'),(44,'309','6'),(44,'330','4'),(45,'345','4'),(45,'315','3'),(45,'345','6'),(45,'348','5'),(45,'333','6'),(46,'318','6'),(46,'315','5'),(46,'300','4'),(46,'303','4'),(46,'336','4'),(47,'333','1'),(47,'327','0'),(47,'345','4'),(47,'342','5'),(47,'333','6'),(48,'303','5'),(48,'336','2'),(48,'330','4'),(48,'336','6'),(48,'309','4'),(49,'348','3'),(49,'303','6'),(49,'348','4'),(49,'345','1'),(49,'348','4'),(50,'318','1'),(50,'339','2'),(50,'306','2'),(50,'333','1'),(50,'309','2'),(51,'321','5'),(51,'339','4'),(51,'315','5'),(51,'324','0'),(51,'348','5'),(52,'315','2'),(52,'306','4'),(52,'342','2'),(52,'324','4'),(52,'315','2'),(53,'342','6'),(53,'330','1'),(53,'312','3'),(53,'342','2'),(53,'345','0'),(54,'348','6'),(54,'336','2'),(54,'315','4'),(54,'336','4'),(54,'300','4'),(55,'300','0'),(55,'342','5'),(55,'324','2'),(55,'324','1'),(55,'333','1'),(56,'324','1'),(56,'327','2'),(56,'306','5'),(56,'339','0'),(56,'300','3'),(57,'303','0'),(57,'342','3'),(57,'324','3'),(57,'324','6'),(57,'300','2'),(58,'327','4'),(58,'318','4'),(58,'339','6'),(58,'321','5'),(58,'336','5'),(59,'327','1'),(59,'333','3'),(59,'312','3'),(59,'312','2'),(59,'339','0'),(60,'312','2'),(60,'303','6'),(60,'312','5'),(60,'306','4'),(60,'321','2'),(61,'348','4'),(61,'348','1'),(61,'318','2'),(61,'306','5'),(61,'330','6'),(62,'336','4'),(62,'333','3'),(62,'327','1'),(62,'321','0'),(62,'321','5'),(63,'342','4'),(63,'306','3'),(63,'321','3'),(63,'327','0'),(63,'324','3'),(64,'342','4'),(64,'306','3'),(64,'324','1'),(64,'333','5'),(64,'348','0'),(65,'330','5'),(65,'306','0'),(65,'309','5'),(65,'339','2'),(65,'336','0'),(66,'306','4'),(66,'336','1'),(66,'306','0'),(66,'315','2'),(66,'300','2'),(67,'312','6'),(67,'309','5'),(67,'318','5'),(67,'348','0'),(67,'312','1'),(68,'300','2'),(68,'318','1'),(68,'339','5'),(68,'312','4'),(68,'324','4'),(69,'345','5'),(69,'321','0'),(69,'303','1'),(69,'309','1'),(69,'315','0'),(70,'303','1'),(70,'345','3'),(70,'303','6'),(70,'330','3'),(70,'324','2'),(71,'324','0'),(71,'327','2'),(71,'300','0'),(71,'324','2'),(71,'342','2'),(72,'339','1'),(72,'333','6'),(72,'315','0'),(72,'324','2'),(72,'348','5'),(73,'300','3'),(73,'327','5'),(73,'345','1'),(73,'309','5'),(73,'345','0'),(74,'300','3'),(74,'330','5'),(74,'315','2'),(74,'336','0'),(74,'345','5'),(75,'324','0'),(75,'312','0'),(75,'348','3'),(75,'309','1'),(75,'333','2'),(76,'306','4'),(76,'312','3'),(76,'324','3'),(76,'318','6'),(76,'339','1'),(77,'333','6'),(77,'300','6'),(77,'312','4'),(77,'339','2'),(77,'345','2'),(78,'303','4'),(78,'330','3'),(78,'330','1'),(78,'306','0'),(78,'303','2'),(79,'348','1'),(79,'318','5'),(79,'324','0'),(79,'342','3'),(79,'336','2'),(80,'318','6'),(80,'342','2'),(80,'330','5'),(80,'324','3'),(80,'300','5'),(81,'303','6'),(81,'324','3'),(81,'303','6'),(81,'339','0'),(81,'324','5'),(82,'330','1'),(82,'348','6'),(82,'324','1'),(82,'300','6'),(82,'339','2'),(83,'318','5'),(83,'309','2'),(83,'300','3'),(83,'330','5'),(83,'306','6'),(84,'330','1'),(84,'330','1'),(84,'327','6'),(84,'321','6'),(84,'333','3'),(85,'324','0'),(85,'312','4'),(85,'303','4'),(85,'330','4'),(85,'324','4'),(86,'324','5'),(86,'339','2'),(86,'300','5'),(86,'303','2'),(86,'318','0'),(87,'336','4'),(87,'300','3'),(87,'312','3'),(87,'327','2'),(87,'312','0'),(88,'327','2'),(88,'309','1'),(88,'339','5'),(88,'300','2'),(88,'336','6'),(89,'327','2'),(89,'318','5'),(89,'348','5'),(89,'342','6'),(89,'315','6'),(90,'315','2'),(90,'300','4'),(90,'339','3'),(90,'324','2'),(90,'309','0'),(91,'336','2'),(91,'345','2'),(91,'348','2'),(91,'300','2'),(91,'348','3'),(92,'318','1'),(92,'327','2'),(92,'342','4'),(92,'348','4'),(92,'309','5'),(93,'312','2'),(93,'330','4'),(93,'330','1'),(93,'336','5'),(93,'324','2'),(94,'300','1'),(94,'342','6'),(94,'315','2'),(94,'309','2'),(94,'318','3'),(95,'315','0'),(95,'348','1'),(95,'318','5'),(95,'309','2'),(95,'348','5'),(96,'312','4'),(96,'330','5'),(96,'324','2'),(96,'321','6'),(96,'321','5'),(97,'306','0'),(97,'309','3'),(97,'345','3'),(97,'327','4'),(97,'339','6'),(98,'339','6'),(98,'315','3'),(98,'345','4'),(98,'309','6'),(98,'339','3'),(99,'345','3'),(99,'330','0'),(99,'342','2'),(99,'339','0'),(99,'306','6'),(100,'327','1'),(100,'315','1'),(100,'330','2'),(100,'348','5'),(100,'324','1'),(101,'309','5'),(101,'306','5'),(101,'306','5'),(101,'327','3'),(101,'300','5'),(102,'342','0'),(102,'333','6'),(102,'333','4'),(102,'327','0'),(102,'339','0'),(103,'339','1'),(103,'348','0'),(103,'339','4'),(103,'348','3'),(103,'327','2'),(104,'303','4'),(104,'339','5'),(104,'318','5'),(104,'303','5'),(104,'300','2'),(105,'318','5'),(105,'300','0'),(105,'342','6'),(105,'333','1'),(105,'345','2'),(106,'324','3'),(106,'342','5'),(106,'333','2'),(106,'345','4'),(106,'348','0'),(107,'342','6'),(107,'321','2'),(107,'336','6'),(107,'303','6'),(107,'339','4'),(108,'303','3'),(108,'339','4'),(108,'306','2'),(108,'330','6'),(108,'315','1'),(109,'315','5'),(109,'309','3'),(109,'342','3'),(109,'336','2'),(109,'348','6'),(110,'300','3'),(110,'315','1'),(110,'303','5'),(110,'300','2'),(110,'333','0'),(111,'348','2'),(111,'327','4'),(111,'327','4'),(111,'303','4'),(111,'318','3'),(112,'345','6'),(112,'330','0'),(112,'312','3'),(112,'300','4'),(112,'327','0'),(113,'339','5'),(113,'342','4'),(113,'321','4'),(113,'309','4'),(113,'309','6'),(114,'339','2'),(114,'318','4'),(114,'306','5'),(114,'333','3'),(114,'312','5'),(115,'315','6'),(115,'315','1'),(115,'309','2'),(115,'315','6'),(115,'321','0'),(116,'306','4'),(116,'306','1'),(116,'345','6'),(116,'336','1'),(116,'318','5'),(117,'309','1'),(117,'306','6'),(117,'333','1'),(117,'330','5'),(117,'306','3'),(118,'324','1'),(118,'315','4'),(118,'303','1'),(118,'315','4'),(118,'330','6'),(119,'318','0'),(119,'318','5'),(119,'321','5'),(119,'306','1'),(119,'339','2'),(120,'321','1'),(120,'333','1'),(120,'312','1'),(120,'339','2'),(120,'327','6'),(121,'330','0'),(121,'330','6'),(121,'306','6'),(121,'330','5'),(121,'330','0'),(122,'339','6'),(122,'303','5'),(122,'300','5'),(122,'306','0'),(122,'330','5'),(123,'336','1'),(123,'330','0'),(123,'315','2'),(123,'336','2'),(123,'312','5'),(124,'309','0'),(124,'306','2'),(124,'321','4'),(124,'330','1'),(124,'336','5'),(125,'318','6'),(125,'303','0'),(125,'330','1'),(125,'348','5'),(125,'330','4'),(126,'342','4'),(126,'315','3'),(126,'303','3'),(126,'348','1'),(126,'315','1'),(127,'324','2'),(127,'336','3'),(127,'342','1'),(127,'321','0'),(127,'300','6'),(128,'330','4'),(128,'342','4'),(128,'333','2'),(128,'339','3'),(128,'330','0'),(129,'342','0'),(129,'312','2'),(129,'336','0'),(129,'321','0'),(129,'336','3'),(130,'339','4'),(130,'333','6'),(130,'348','5'),(130,'306','2'),(130,'324','5'),(131,'303','4'),(131,'312','2'),(131,'348','5'),(131,'333','0'),(131,'315','6'),(132,'309','6'),(132,'333','1'),(132,'339','5'),(132,'318','0'),(132,'342','5'),(133,'333','1'),(133,'306','1'),(133,'300','0'),(133,'324','2'),(133,'321','5'),(134,'324','2'),(134,'339','6'),(134,'315','5'),(134,'348','1'),(134,'324','1'),(135,'318','3'),(135,'321','0'),(135,'318','3'),(135,'330','5'),(135,'312','1'),(136,'327','2'),(136,'321','3'),(136,'339','0'),(136,'306','3'),(136,'330','0'),(137,'306','0'),(137,'327','3'),(137,'336','4'),(137,'300','5'),(137,'339','5'),(138,'330','2'),(138,'330','2'),(138,'300','3'),(138,'309','3'),(138,'339','4'),(139,'312','1'),(139,'315','5'),(139,'336','4'),(139,'321','1'),(139,'345','5'),(140,'303','6'),(140,'348','0'),(140,'309','1'),(140,'336','1'),(140,'348','0'),(141,'300','5'),(141,'324','5'),(141,'309','5'),(141,'345','1'),(141,'306','4'),(142,'300','6'),(142,'330','3'),(142,'312','5'),(142,'339','1'),(142,'315','4'),(143,'303','0'),(143,'327','6'),(143,'327','6'),(143,'336','3'),(143,'333','6'),(144,'303','2'),(144,'336','6'),(144,'312','5'),(144,'333','1'),(144,'303','4'),(145,'318','6'),(145,'312','6'),(145,'318','2'),(145,'348','6'),(145,'327','3'),(146,'300','0'),(146,'336','5'),(146,'321','2'),(146,'321','3'),(146,'330','2'),(147,'300','1'),(147,'321','2'),(147,'315','6'),(147,'348','6'),(147,'336','0'),(148,'330','1'),(148,'327','4'),(148,'309','3'),(148,'342','1'),(148,'336','1'),(149,'303','1'),(149,'324','5'),(149,'336','6'),(149,'342','5'),(149,'345','1'),(150,'309','6'),(150,'327','3'),(150,'339','4'),(150,'330','1'),(150,'327','0'),(151,'315','2'),(151,'300','3'),(151,'339','0'),(151,'306','0'),(151,'312','5'),(152,'348','1'),(152,'312','1'),(152,'342','0'),(152,'345','4'),(152,'342','5'),(153,'300','5'),(153,'303','6'),(153,'300','2'),(153,'342','0'),(153,'348','1'),(154,'327','4'),(154,'330','0'),(154,'348','5'),(154,'318','6'),(154,'306','0'),(155,'348','2'),(155,'330','0'),(155,'333','1'),(155,'330','0'),(155,'309','2'),(156,'345','3'),(156,'312','3'),(156,'309','5'),(156,'336','2'),(156,'315','4'),(157,'309','2'),(157,'324','3'),(157,'348','4'),(157,'312','5'),(157,'342','2'),(158,'348','3'),(158,'321','0'),(158,'339','4'),(158,'333','3'),(158,'348','0'),(159,'336','4'),(159,'345','1'),(159,'312','4'),(159,'324','6'),(159,'321','3'),(160,'336','3'),(160,'339','1'),(160,'300','3'),(160,'306','0'),(160,'327','0'),(161,'312','0'),(161,'306','0'),(161,'324','5'),(161,'336','1'),(161,'315','0'),(162,'303','1'),(162,'315','4'),(162,'348','3'),(162,'336','1'),(162,'300','6'),(163,'330','1'),(163,'336','1'),(163,'342','0'),(163,'339','0'),(163,'309','3'),(164,'300','1'),(164,'339','0'),(164,'318','2'),(164,'339','1'),(164,'312','1'),(165,'303','2'),(165,'330','5'),(165,'318','5'),(165,'321','5'),(165,'327','1'),(166,'303','4'),(166,'339','0'),(166,'321','4'),(166,'300','5'),(166,'306','5'),(167,'330','5'),(167,'327','4'),(167,'339','2'),(167,'327','0'),(167,'330','6');
/*!40000 ALTER TABLE `Enrollment` ENABLE KEYS */;
UNLOCK TABLES;

--
-- Table structure for table `Student`
--

DROP TABLE IF EXISTS `Student`;
/*!40101 SET @saved_cs_client     = @@character_set_client */;
/*!40101 SET character_set_client = utf8 */;
CREATE TABLE `Student` (
  `sid` int(11) NOT NULL,
  `sname` varchar(255) DEFAULT NULL,
  `email` varchar(255) DEFAULT NULL,
  PRIMARY KEY (`sid`)
) ENGINE=InnoDB DEFAULT CHARSET=utf8mb4;
/*!40101 SET character_set_client = @saved_cs_client */;

--
-- Dumping data for table `Student`
--

LOCK TABLES `Student` WRITE;
/*!40000 ALTER TABLE `Student` DISABLE KEYS */;
INSERT INTO `Student` VALUES (0,'Adelice','Adelice@gmail.com'),(1,'Agnella','Agnella@gmail.com'),(2,'Alana','Alana@gmail.com'),(3,'Alia','Alia@gmail.com'),(4,'Almire','Almire@gmail.com'),(5,'Amara','Amara@gmail.com'),(6,'Anastassia','Anastassia@gmail.com'),(7,'Angie','Angie@gmail.com'),(8,'Annecorinne','Annecorinne@gmail.com'),(9,'April','April@gmail.com'),(10,'Arlena','Arlena@gmail.com'),(11,'Ashli','Ashli@gmail.com'),(12,'Augustine','Augustine@gmail.com'),(13,'Babb','Babb@gmail.com'),(14,'Baruk','Baruk@gmail.com'),(15,'Bellina','Bellina@gmail.com'),(16,'Berny','Berny@gmail.com'),(17,'Bhagvat','Bhagvat@gmail.com'),(18,'Blinni','Blinni@gmail.com'),(19,'Brandea','Brandea@gmail.com'),(20,'Brita','Brita@gmail.com'),(21,'Burton','Burton@gmail.com'),(22,'Cang','Cang@gmail.com'),(23,'Carlyn','Carlyn@gmail.com'),(24,'Caryn','Caryn@gmail.com'),(25,'Cecco','Cecco@gmail.com'),(26,'Chanh','Chanh@gmail.com'),(27,'Chen-Chen','Chen-Chen@gmail.com'),(28,'Chloris','Chloris@gmail.com'),(29,'Chung-Yo','Chung-Yo@gmail.com'),(30,'Claudina','Claudina@gmail.com'),(31,'Colette','Colette@gmail.com'),(32,'Cordelie','Cordelie@gmail.com'),(33,'Costanza','Costanza@gmail.com'),(34,'Cyndy','Cyndy@gmail.com'),(35,'Danica','Danica@gmail.com'),(36,'Darrel','Darrel@gmail.com'),(37,'Dear','Dear@gmail.com'),(38,'Deloris','Deloris@gmail.com'),(39,'Deva','Deva@gmail.com'),(40,'Dimitra','Dimitra@gmail.com'),(41,'Don','Don@gmail.com'),(42,'Doro','Doro@gmail.com'),(43,'Duke','Duke@gmail.com'),(44,'Easter','Easter@gmail.com'),(45,'Eimile','Eimile@gmail.com'),(46,'Elissa','Elissa@gmail.com'),(47,'Elvert','Elvert@gmail.com'),(48,'Emmey','Emmey@gmail.com'),(49,'Erlene','Erlene@gmail.com'),(50,'Ethelda','Ethelda@gmail.com'),(51,'Ext','Ext@gmail.com'),(52,'Farzad','Farzad@gmail.com'),(53,'Feridoun','Feridoun@gmail.com'),(54,'Florencia','Florencia@gmail.com'),(55,'Frankie','Frankie@gmail.com'),(56,'Gabey','Gabey@gmail.com'),(57,'Gayronza','Gayronza@gmail.com'),(58,'Geralene','Geralene@gmail.com'),(59,'Gilbert','Gilbert@gmail.com'),(60,'Gladys','Gladys@gmail.com'),(61,'Gracinda','Gracinda@gmail.com'),(62,'Gunars','Gunars@gmail.com'),(63,'Hack-Hoo','Hack-Hoo@gmail.com'),(64,'Hari','Hari@gmail.com'),(65,'Hedvige','Hedvige@gmail.com'),(66,'Hera','Hera@gmail.com'),(67,'Hiroko','Hiroko@gmail.com'),(68,'Hrdata','Hrdata@gmail.com'),(69,'Idaline','Idaline@gmail.com'),(70,'Inga','Inga@gmail.com'),(71,'Ismail','Ismail@gmail.com'),(72,'Jackson','Jackson@gmail.com'),(73,'Jane','Jane@gmail.com'),(74,'Jaspreet','Jaspreet@gmail.com'),(75,'Jeannot','Jeannot@gmail.com'),(76,'Jessa','Jessa@gmail.com'),(77,'Joachim','Joachim@gmail.com'),(78,'John','John@gmail.com'),(79,'Jose','Jose@gmail.com'),(80,'Juliana','Juliana@gmail.com'),(81,'Kailey','Kailey@gmail.com'),(82,'Karam','Karam@gmail.com'),(83,'Kasey','Kasey@gmail.com'),(84,'Katrinka','Katrinka@gmail.com'),(85,'Keltouma','Keltouma@gmail.com'),(86,'Ki','Ki@gmail.com'),(87,'Kirsti','Kirsti@gmail.com'),(88,'Korrie','Korrie@gmail.com'),(89,'Kwok','Kwok@gmail.com'),(90,'Lanny','Lanny@gmail.com'),(91,'Lauryn','Lauryn@gmail.com'),(92,'Leilah','Leilah@gmail.com'),(93,'Lester','Lester@gmail.com'),(94,'Liese','Liese@gmail.com'),(95,'Linzie','Linzie@gmail.com'),(96,'Lolita','Lolita@gmail.com'),(97,'Lorrel','Lorrel@gmail.com'),(98,'Lucina','Lucina@gmail.com'),(99,'Lynelle','Lynelle@gmail.com'),(100,'Madlin','Madlin@gmail.com'),(101,'Makary','Makary@gmail.com'),(102,'Manon','Manon@gmail.com'),(103,'Margariet','Margariet@gmail.com'),(104,'Marigold','Marigold@gmail.com'),(105,'Marley','Marley@gmail.com'),(106,'Mary','Mary@gmail.com'),(107,'Matthew','Matthew@gmail.com'),(108,'Meeting','Meeting@gmail.com'),(109,'Melloney','Melloney@gmail.com'),(110,'Mersey','Mersey@gmail.com'),(111,'Miguela','Miguela@gmail.com'),(112,'Minnie','Minnie@gmail.com'),(113,'Mohammed','Mohammed@gmail.com'),(114,'Moyra','Moyra@gmail.com'),(115,'Nadia','Nadia@gmail.com'),(116,'Narida','Narida@gmail.com'),(117,'Neila','Neila@gmail.com'),(118,'Nguyet','Nguyet@gmail.com'),(119,'Nir','Nir@gmail.com'),(120,'Norina','Norina@gmail.com'),(121,'Ole','Ole@gmail.com'),(122,'Orelle','Orelle@gmail.com'),(123,'Pamella','Pamella@gmail.com'),(124,'Patsy','Patsy@gmail.com'),(125,'Pepita','Pepita@gmail.com'),(126,'Phoenix','Phoenix@gmail.com'),(127,'Poulos','Poulos@gmail.com'),(128,'Querida','Querida@gmail.com'),(129,'Raleigh','Raleigh@gmail.com'),(130,'Raquela','Raquela@gmail.com'),(131,'Reid','Reid@gmail.com'),(132,'Rhodia','Rhodia@gmail.com'),(133,'Rivy','Rivy@gmail.com'),(134,'Roel','Roel@gmail.com'),(135,'Rosabelle','Rosabelle@gmail.com'),(136,'Roxi','Roxi@gmail.com'),(137,'Ruthi','Ruthi@gmail.com'),(138,'Salvador','Salvador@gmail.com'),(139,'Sarita','Sarita@gmail.com'),(140,'Selcuk','Selcuk@gmail.com'),(141,'Shailin','Shailin@gmail.com'),(142,'Shashank','Shashank@gmail.com'),(143,'Sheri','Sheri@gmail.com'),(144,'Shona','Shona@gmail.com'),(145,'Sil','Sil@gmail.com'),(146,'Sohayla','Sohayla@gmail.com'),(147,'Stanley','Stanley@gmail.com'),(148,'Stormy','Stormy@gmail.com'),(149,'Susy','Susy@gmail.com'),(150,'Tae','Tae@gmail.com'),(151,'Tarik','Tarik@gmail.com'),(152,'Teodora','Teodora@gmail.com'),(153,'Thanos','Thanos@gmail.com'),(154,'Tiffani','Tiffani@gmail.com'),(155,'Tomi','Tomi@gmail.com'),(156,'Tri','Tri@gmail.com'),(157,'Tyronda','Tyronda@gmail.com'),(158,'Valery','Valery@gmail.com'),(159,'Verile','Verile@gmail.com'),(160,'Vince','Vince@gmail.com'),(161,'Vlad','Vlad@gmail.com'),(162,'Warren','Warren@gmail.com'),(163,'Willabella','Willabella@gmail.com'),(164,'Woody','Woody@gmail.com'),(165,'Yetty','Yetty@gmail.com'),(166,'Yukihiko','Yukihiko@gmail.com'),(167,'Zelda','Zelda@gmail.com');
/*!40000 ALTER TABLE `Student` ENABLE KEYS */;
UNLOCK TABLES;

--
-- Table structure for table `Teach`
--

DROP TABLE IF EXISTS `Teach`;
/*!40101 SET @saved_cs_client     = @@character_set_client */;
/*!40101 SET character_set_client = utf8 */;
CREATE TABLE `Teach` (
  `cid` varchar(255) DEFAULT NULL,
  `ProfName` varchar(255) DEFAULT NULL
) ENGINE=InnoDB DEFAULT CHARSET=utf8mb4;
/*!40101 SET character_set_client = @saved_cs_client */;

--
-- Dumping data for table `Teach`
--

LOCK TABLES `Teach` WRITE;
/*!40000 ALTER TABLE `Teach` DISABLE KEYS */;
INSERT INTO `Teach` VALUES ('300','JACKSON'),('303','WILLIAMS'),('306','ANDERSON'),('309','ROBINSON'),('312','MOORE'),('315','BROWN'),('318','WILLIAMS'),('321','JOHNSON'),('324','GARCIA'),('327','SMITH'),('330','WHITE'),('333','JOHNSON'),('336','JOHNSON'),('339','DAVIS'),('342','MARTINEZ'),('345','ANDERSON'),('348','WILSON');
/*!40000 ALTER TABLE `Teach` ENABLE KEYS */;
UNLOCK TABLES;
/*!40103 SET TIME_ZONE=@OLD_TIME_ZONE */;

/*!40101 SET SQL_MODE=@OLD_SQL_MODE */;
/*!40014 SET FOREIGN_KEY_CHECKS=@OLD_FOREIGN_KEY_CHECKS */;
/*!40014 SET UNIQUE_CHECKS=@OLD_UNIQUE_CHECKS */;
/*!40101 SET CHARACTER_SET_CLIENT=@OLD_CHARACTER_SET_CLIENT */;
/*!40101 SET CHARACTER_SET_RESULTS=@OLD_CHARACTER_SET_RESULTS */;
/*!40101 SET COLLATION_CONNECTION=@OLD_COLLATION_CONNECTION */;
/*!40111 SET SQL_NOTES=@OLD_SQL_NOTES */;

-- Dump completed on 2019-10-11  9:57:22
